{
  "methods": [
    "direct",
    "polynomial",
    "centroid",
    "gaussian",
    "spline"
  ],
  "parameter_ranges": {
    "peak_depths": [
      0.2,
      0.4,
      0.6,
      0.8
    ],
    "fwhm_values": [
      50,
      100,
      150,
      200,
      300
    ],
    "asymmetries": [
      -0.3,
      0.0,
      0.3
    ],
    "noise_levels": [
      0.0,
      0.005,
      0.01,
      0.02
    ]
  },
  "summary": {
    "direct": {
      "mean_bias": -0.019148476962156925,
      "std_bias": 3.4088510199069164,
      "mean_abs_bias": 1.175607844167901,
      "max_abs_bias": 43.99881331884103,
      "mean_processing_time_ms": 0.0033368666966756186,
      "correction_coefficients": [
        0.6068468275790561,
        -0.0003397802198165786,
        -5.551116950730309e-17,
        -0.2682070555810303
      ]
    },
    "polynomial": {
      "mean_bias": -0.24528199125595335,
      "std_bias": 7.802182306252744,
      "mean_abs_bias": 2.0552277423337384,
      "max_abs_bias": 235.57037344842684,
      "mean_processing_time_ms": 0.08086214462916057,
      "correction_coefficients": [
        1.1122137967339778,
        0.00018366046114540267,
        0.8097542281617216,
        -0.8307745634062025
      ]
    },
    "centroid": {
      "mean_bias": 0.06526600470642166,
      "std_bias": 21.28044184804703,
      "mean_abs_bias": 11.420181456742464,
      "max_abs_bias": 110.32528216096875,
      "mean_processing_time_ms": 0.034306744734446205,
      "correction_coefficients": [
        1.5132319741422848,
        0.001684656167610656,
        52.454679286319596,
        -0.9608949691824201
      ]
    },
    "gaussian": {
      "mean_bias": 0.03726721359743853,
      "std_bias": 21.61774088192176,
      "mean_abs_bias": 15.249600998108914,
      "max_abs_bias": 65.32015980141614,
      "mean_processing_time_ms": 1.7848992347717285,
      "correction_coefficients": [
        1.3777154595369958,
        0.002238270428849186,
        75.6940092515139,
        -1.0097137847869235
      ]
    },
    "spline": {
      "mean_bias": 0.05088822640788114,
      "std_bias": 4.1563516566917444,
      "mean_abs_bias": 1.714283932039516,
      "max_abs_bias": 44.058873378901126,
      "mean_processing_time_ms": 0.17377138137817383,
      "correction_coefficients": [
        1.2157223697879453,
        0.0002817196584400622,
        -0.06931931931932023,
        -0.6020481038364973
      ]
    }
  }
}