{
  "mode": "per_led",
  "settling_ms": 45,
  "dark_ms": 5,
  "per_led_integration_ms": {
    "a": 60.96440212580106,
    "b": 63.69426438731342,
    "c": 60.867490372315395,
    "d": 65.51103585954101
  },
  "intensities": {
    "a": [
      16801120.350726105,
      17399142.55219315,
      17230897.84144567,
      17241516.40706204,
      17409276.509518012,
      17240698.995486,
      17254211.587325156,
      17262198.866153892,
      17250252.979835477,
      17239430.0613251,
      17386861.91637217,
      17253892.407566894,
      17402770.30261634,
      17256486.716211803,
      17193265.76945921,
      17229043.09565527,
      17246609.659667984,
      17370391.073114958,
      17424250.711103853,
      17270431.368455436,
      17394424.919668578,
      17250085.605084192,
      17413131.96745167,
      17233077.605648443,
      17229113.159504645,
      17393584.153476074,
      17242240.400172245,
      17394670.14314139,
      17234408.818786565,
      17240083.99058593,
      17230136.870192736,
      17242071.07920292,
      17257111.45220206,
      17432646.695720606,
      17258584.73925697,
      17397606.986161016,
      17245404.950702343,
      17237970.397796452,
      17242660.783268496,
      17221717.53095952,
      17240800.19882398,
      17195902.89490096,
      17418501.583019037,
      17239509.856264666,
      17264565.46728833,
      17424509.55810293,
      17235327.43370059,
      17292550.136459477,
      17248719.360021383,
      17264699.756332967,
      17197512.417218544,
      17251543.322394796,
      17203164.23440145,
      17235819.826864254,
      17405325.686900485,
      17400318.06788822,
      17263397.736465417,
      17406398.05303953,
      17257882.154545184,
      17360700.85350281,
      17352365.201645233,
      17243345.85201794,
      17285020.218869716,
      17251035.35948683,
      17397910.596174978,
      17267840.952246606,
      17403786.228432275,
      17214658.598135006,
      17242403.882487454,
      17243879.1157604,
      17197712.877676476,
      17243912.20146705,
      17225742.309862502,
      17249456.976657856,
      17395896.26050545,
      17307016.37513735,
      17221733.100703828
    ],
    "b": [
      24706593.79666201,
      24808885.070531286,
      26240676.81064948,
      24800882.221958246,
      24830869.54949069,
      24811619.50687495,
      25351574.346954532,
      25327034.483710982,
      25369643.0352211,
      25135898.356398303,
      24906071.414486382,
      25703448.622041397,
      26229365.391411517,
      24802341.885486886,
      25336335.4597155,
      24812964.343539335,
      24814097.04243756,
      25343390.50010394,
      24819698.257951476,
      25352938.645799305,
      24865640.680961005,
      25365822.60921213,
      24855362.70350132,
      25304771.695572123,
      25158386.905829597,
      24858628.457369406,
      24812654.894871265,
      25364294.82805215,
      25350575.93710094,
      25313642.55739019,
      25362200.697443053,
      25000457.150684524,
      24857704.003801264,
      24814225.492828082,
      24836891.148100853,
      25008372.419445846,
      24829583.099367443,
      25379376.07163009,
      25351432.273037747,
      24817954.446589258,
      24829843.892584562,
      25357955.995901756,
      25277265.796038367,
      24829193.855759807,
      25355684.759451196,
      24828378.390401803,
      24826918.726873163,
      24814865.798562646,
      24821189.060968727,
      24827298.23939061,
      25358018.274878986,
      25340085.82187509,
      24971647.28506519,
      24829297.00531583,
      26233444.66441956,
      24867886.616577078,
      24843663.986873757,
      26225332.827636383,
      24808587.29917144,
      25690426.477147862,
      26232311.965521336,
      24810868.266712204,
      24822426.85564102,
      24803887.18260921,
      25741900.051821936,
      24827656.343509637,
      24807053.679357346,
      26224221.53713658,
      24821473.2088023,
      24812481.68146586,
      25367961.502836097,
      25346193.054078937,
      25341897.75086865,
      24824376.96611528,
      25700959.409170553,
      25343372.9841416,
      26193169.62833724
    ],
    "c": [
      24660789.55513319,
      25153114.601164136,
      24761095.68660351,
      25143128.55641018,
      25147493.92346984,
      24642660.534107443,
      25148243.217414543,
      24642549.59967927,
      24640934.238707572,
      24703495.417545214,
      24643950.876666766,
      24692832.088913966,
      25170204.341757488,
      24650289.708817154,
      24626569.20336768,
      25159432.024916105,
      25148488.440887354,
      24645593.484691,
      24630339.02770766,
      24655573.690790843,
      25155798.4358388,
      25119645.48956137,
      25145138.99964363,
      24652004.3269088,
      24641568.70578802,
      25134103.94336709,
      25148046.649392687,
      24632022.506310694,
      25132220.004306123,
      25131083.412971813,
      24668270.817271996,
      25129016.529415257,
      24652132.777299322,
      25152016.934190597,
      24658691.532088023,
      24757312.238737267,
      24675995.356665578,
      25139786.900038607,
      24648592.60668785,
      24865523.907878716,
      24670006.843762062,
      25141236.83247706,
      24662253.111097913,
      24651109.06661123,
      25151641.314109225,
      25161650.71347964,
      24677867.61841832,
      24661025.047515817,
      24656577.939298548,
      25146873.079915658,
      24656881.549312506,
      24633826.6504321,
      25149916.96492739,
      25155959.971935973,
      24651759.103435986,
      25150664.312654056,
      25147421.91340243,
      24669907.586642116,
      24675608.059275977,
      25186408.553143464,
      24660293.269533455,
      25145660.586077865,
      24635159.809788257,
      25150769.408428118,
      24698540.346419983,
      25145888.293588337,
      24642537.92237104,
      25149545.237282097,
      25060083.43272058,
      24658677.90856176,
      25139257.528732218,
      24951492.25106168,
      24636691.48338431,
      24676536.405280195,
      25173629.68550471,
      24647890.02197606,
      25168045.985953134
    ],