{
  "mode": "varied",
  "settling_ms": 45,
  "dark_ms": 5,
  "intensities": {
    "a": [
      88896836.9272117,
      105623288.67668457,
      58815357.20473377,
      139874519.13758796,
      105581756.38374959,
      58808743.95583999,
      139864856.16502836,
      105604669.2087132,
      58775609.59373979,
      131043453.58595908,
      105512229.69055325,
      58768607.101238385,
      125896022.1622665,
      105363272.00056425,
      58758673.60437144,
      127110763.8818935,
      105503162.26071334,
      58755164.573248595,
      122829792.62123957,
      105364848.43717518,
      58757640.16259317,
      122824563.13337094,
      126178786.2348172,
      58843538.44192676,
      128387549.08636001,
      105404035.53737417,
      58747833.16989873,
      126610465.1805601,
      105424949.59641257
    ],
    "b": [
      86143152.48715588,
      207172619.46678346,
      151637462.9066314,
      86103445.7467407,
      207146150.9014641,
      151615723.65114483,
      86097465.01870936,
      207193741.77115196,
      151611523.7126184,
      86106740.69387937,
      207207308.8570962,
      151615353.86971757,
      86093185.28524336,
      207187000.07186764,
      151619758.161138,
      86087327.16894841,
      207184907.88747662,
      151611278.4891456,
      86105750.06889793,
      207188815.89329728,
      151601714.77370596,
      86131294.18064919,
      207229554.12927273,
      151638276.42577142,
      86100337.63653374,
      207182681.41404092,
      151607831.737,
      86103480.77866541,
      207183590.29786476
    ],
    "c": [
      119659956.16294953,
      219691702.02937073,
      176489752.53185046,
      119661016.85178035,
      219649175.21901822,
      176503058.82457754,
      119626235.98921984,
      219669011.07326344,
      176512943.66599354,
      119666442.90767083,
      219656045.36869302,
      176494610.29207376,
      119655149.00439522,
      219662779.28310513,
      176554655.01098803,
      119620903.35179521,
      219615291.56297332,
      176501285.81994477,
      119629795.62201169,
      219664828.65069938,
      176510100.24143973,
      119622363.01532386,
      219634599.9921302,
      176471683.84358388,
      119628316.49630268,
      219652787.39969707,
      176551362.0100674,
      119625317.37430581,
      219683370.2699492
    ],
    "d": [
      82665864.18050072,
      41096604.78009087,
      122032818.28081846,
      82652036.30133934,
      41081774.59863986,
      122015553.38060167,
      82647894.74935406,
      41094642.99230838,
      122000293.08496422,
      82636766.27461171,
      41077827.66845841,
      121979017.02937073,
      82621140.08998308,
      41084156.76951861,
      121980725.80880825,
      82615700.41056633,
      41067779.34472723,
      121985684.77236955,
      82629487.41914886,
      41074114.28444154,
      121976078.24013305,
      82622656.19383483,
      41088961.9818549,
      122004339.27226561,
      82632940.00994861,
      41074129.85418584,
      121982345.06221601,
      82618341.42844415,
      41077111.46022035
    ]
  },
  "times": {
    "a": [
      1.4108643531799316,
      3.491342067718506,
      5.571614980697632,
      7.811359882354736,
      9.89106011390686,
      11.971437215805054,
      14.211599349975586,
      16.291427612304688,
      18.3713641166687,
      20.49115514755249,
      22.571377515792847,
      24.651312351226807,
      26.771280765533447,
      28.851433277130127,
      30.93082594871521,
      33.05111241340637,
      35.13113307952881,
      37.210930824279785,
      39.331087827682495,
      41.41104531288147,
      43.491058588027954,
      45.61101841926575,
      47.79081463813782,
      49.91012144088745,
      52.03092336654663,
      54.111451148986816,
      56.19078183174133,
      58.3108446598053,
      60.39084720611572
    ],
    "b": [
      1.6115782260894775,
      3.691845655441284,
      5.811521530151367,
      8.011868238449097,
      10.091150045394897,
      12.211128950119019,
      14.411397457122803,
      16.491201639175415,
      18.61107873916626,
      20.691364765167236,
      22.771302461624146,
      24.891271591186523,
      26.97130298614502,
      29.05139970779419,
      31.171218395233154,
      33.25074362754822,
      35.33074951171875,
      37.45116209983826,
      39.53064465522766,
      41.610466718673706,
      43.7310426235199,
      45.81104111671448,
      47.990864992141724,
      50.15096879005432,
      52.231058835983276,
      54.310935258865356,
      56.43088245391846,
      58.51081728935242,
      60.590686321258545
    ],
    "c": [
      1.8118839263916016,
      3.9318416118621826,
      6.051856756210327,
      8.211374044418335,
      10.332140922546387,
      12.451460123062134,
      14.611402988433838,
      16.730790376663208,
      18.85137367248535,
      20.891356229782104,
      23.011174201965332,
      25.13122868537903,
      27.171259880065918,
      29.29124426841736,
      31.411109924316406,
      33.45119571685791,
      35.570714235305786,
      37.691096782684326,
      39.73066568374634,
      41.85083603858948,
      43.97032403945923,
      46.01088309288025,
      48.23094582557678,
      50.390844106674194,
      52.43090033531189,
      54.55101704597473,
      56.67042279243469,
      58.710891246795654,
      60.83028984069824
    ],
    "d": [
      2.0518760681152344,
      4.131049633026123,
      6.251838445663452,
      8.451272964477539,
      10.531522035598755,
      12.65146255493164,
      14.851514101028442,
      16.931222200393677,
      19.05121350288391,
      21.131040334701538,
      23.210712671279907,
      25.331273794174194,
      27.411059141159058,
      29.491239070892334,
      31.610522508621216,
      33.69103813171387,
      35.77007579803467,
      37.89108204841614,
      39.97122383117676,
      42.050835371017456,
      44.1709885597229,
      46.25105857849121,
      48.43077301979065,
      50.59040975570679,
      52.6707284450531,
      54.75084948539734,
      56.8709135055542,
      58.95100784301758,
      61.03044271469116
    ]
  },
  "integration_times_ms": {
    "a": [
      25,
      100,
      60,
      25,
      100,
      60,
      25,
      100,
      60,
      25,
      100,
      60,
      25,
      100,
      60,
      25,
      100,
      60,
      25,
      100,
      60,
      25,
      100,
      60,
      25,
      100,
      60,
      25,
      100
    ],
    "b": [
      40,
      120,
      80,
      40,
      120,
      80,
      40,
      120,
      80,
      40,
      120,
      80,
      40,
      120,
      80,
      40,
      120,
      80,
      40,
      120,
      80,
      40,
      120,
      80,
      40,
      120,
      80,
      40,
      120
    ],
    "c": [
      60,
      25,
      100,
      60,
      25,
      100,
      60,
      25,
      100,
      60,
      25,
      100,
      60,
      25,
      100,
      60,
      25,
      100,
      60,
      25,
      100,
      60,
      25,
      100,
      60,
      25,
      100,
      60,
      25
    ],
    "d": [
      80,
      40,
      120,
      80,
      40,
      120,
      80,
      40,
      120,
      80,
      40,
      120,
      80,
      40,
      120,
      80,
      40,
      120,
      80,
      40,
      120,
      80,
      40,
      120,
      80,
      40,
      120,
      80,
      40
    ]
  },