{
  "mode": "fixed",
  "integration_ms": 65.51103585954101,
  "settling_ms": 45,
  "dark_ms": 5,
  "intensities": {
    "a": [
      14737428.591750067,
      16075251.086330293,
      16688841.085884834,
      16215454.687583523,
      16284039.41124937,
      16404002.344905412,
      17061304.40159772,
      16767768.012205625,
      16720453.505479168,
      17344969.573100112,
      16276527.009621952,
      16281598.853829479,
      16083431.040744811,
      16151032.924301371,
      16336486.094942534,
      16224963.908918124,
      16074933.852790069,
      16408424.152288184,
      16208962.10420812,
      16331237.144893534,
      16016675.762034865,
      16391787.88049773,
      16286495.538413566,
      16082380.083004188,
      16520501.01045348,
      16322315.681406468,
      16160748.444748018,
      16348326.885486888,
      16222496.104445698,
      16459603.848038487
    ],
    "b": [
      25632853.4551421,
      25894919.49885665,
      25891332.619012266,
      26357475.19377543,
      25877086.302972708,
      26218460.731743537,
      25952245.351171564,
      25930613.137677073,
      26220794.247171324,
      25900291.06064206,
      25857875.184717726,
      25876078.162028924,
      25960133.372880347,
      25877876.467496213,
      26384150.058206875,
      25850179.83859472,
      25866722.69191934,
      26372472.74997773,
      25877940.69269147,
      25856419.413625162,
      26007305.805690017,
      25886350.3008345,
      25851985.92893416,
      25866331.502093665,
      25867456.41611974,
      26353401.759421498,
      25863277.885991745,
      25892554.84394025,
      25836466.786297627,
      25872884.418228254
    ],
    "c": [
      25133401.358655304,
      25183347.15216939,
      25708432.8864372,
      25562591.09152734,
      25188130.956107266,
      25396913.442372225,
      25196484.123927183,
      25199524.116502836,
      25652819.705995902,
      25175638.18252012,
      25171113.225581326,
      25181459.32067235,
      25179711.616874054,
      25181179.06527485,
      25155395.5687049,
      25186902.892525166,
      25184855.47114899,
      25157995.71600392,
      25193905.385026578,
      25192932.276007485,
      25658570.780298755,
      25179295.12621388,
      25159398.939209457,
      25154895.39066908,
      25176122.790811628,
      25166411.162801057,
      25666534.704511035,
      25177062.814124078,
      25193837.267395243,
      25580980.9057702
    ],
    "d": [
      17596066.731951416,
      17488298.800522674,
      17481858.765034303,
      17514337.25165563,
      17513344.680456154,
      17494783.599025927,
      17582425.689721733,
      17504092.359902594,
      17502640.481246103,
      17508070.429572657,
      17510294.956790306,
      17493323.935497284,
      17773663.020372406,
      17669594.849434264,
      17509292.654500637,
      17478028.60793514,
      17668942.866391473,
      17511462.68761322,
      17492245.730704125,
      17449395.848157275,
      17568792.43236421,
      17509518.41579307,
      17497422.670685716,
      17503839.351557627,
      17476806.383007158,
      17541847.04362546,
      17469823.35268613,
      17491712.46696166,
      17497944.257119946,
      17677286.303121194
    ]
  },
  "times": {
    "a": [
      1.3911683559417725,
      3.4221181869506836,
      5.452754735946655,
      7.483117580413818,
      9.514098882675171,
      11.54481029510498,
      13.641028881072998,
      15.67263674736023,
      17.702620267868042,
      19.80816912651062,
      21.830314874649048,
      23.860498189926147,
      25.89131808280945,
      27.98844027519226,
      30.019423246383667,
      32.049819469451904,
      34.08119487762451,
      36.11145830154419,
      38.14242696762085,
      40.173277378082275,
      42.20319724082947,
      44.234867334365845,
      46.2655291557312,
      48.29622721672058,
      50.327388525009155,
      52.358136892318726,
      54.388662576675415,
      56.41969537734985,
      58.45020580291748,
      60.48137545585632
    ],
    "b": [
      1.5873453617095947,
      3.618480682373047,
      5.648782730102539,
      7.680116891860962,
      9.711009502410889,
      11.741782188415527,
      13.837554693222046,
      15.868375062942505,
      17.899117946624756,
      19.995763063430786,
      22.02701759338379,
      24.057443857192993,
      26.088348150253296,
      28.18496012687683,
      30.215708255767822,
      32.24602174758911,
      34.27740144729614,
      36.30815243721008,
      38.339423179626465,
      40.36968183517456,
      42.400492429733276,
      44.4308557510376,
      46.46237564086914,
      48.49290347099304,
      50.52380013465881,
      52.55401659011841,
      54.58542275428772,
      56.616355895996094,
      58.64666771888733,
      60.67789888381958
    ],
    "c": [
      1.784423828125,
      3.814351797103882,
      5.845319986343384,
      7.876297473907471,
      9.907175302505493,
      11.937898874282837,
      14.0338876247406,
      16.06464695930481,
      18.095376014709473,
      20.19193172454834,
      22.22265338897705,
      24.254289865493774,
      26.287790298461914,
      28.380869388580322,
      30.412160873413086,
      32.44329619407654,
      34.47388052940369,
      36.504650354385376,
      38.53544616699219,
      40.565855264663696,
      42.59735918045044,
      44.62818002700806,
      46.65878343582153,
      48.689663887023926,
      50.72079133987427,
      52.751399517059326,
      54.782238483428955,
      56.812581062316895,
      58.84359169006348,
      60.87410593032837
    ],
    "d": [
      1.9804668426513672,
      4.0114264488220215,
      6.042361259460449,
      8.072603940963745,
      10.103942155838013,
      12.134349822998047,
      14.230822324752808,
      16.261712074279785,
      18.292231798171997,
      20.388642072677612,
      22.419974088668823,
      24.45085048675537,
      26.546101570129395,
      28.577948570251465,
      30.608775854110718,
      32.63969326019287,
      34.670307874679565,
      36.701056480407715,
      38.731778621673584,
      40.76289916038513,
      42.79368281364441,
      44.82421350479126,
      46.85540699958801,
      48.88603734970093,
      50.91717863082886,
      52.94768834114075,
      54.978379011154175,
      57.00933361053467,
      59.040178298950195,
      61.07114291191101
    ]
  },
  "cycle_times": [
    2.0371077060699463,
    2.030773639678955,
    2.0308141708374023,
    2.031001329421997,
    2.031327247619629,
    2.0297107696533203,
    2.096602439880371,
    2.0310354232788086,
    2.030712127685547,
    2.0959277153015137,
    2.0316312313079834,
    2.031085252761841,
    2.095388174057007,
    2.032238721847534,
    2.0302531719207764,
    2.0306684970855713,
    2.0308573246002197,
    2.0303797721862793,
    2.0316162109375,
    2.031465768814087,
    2.0298514366149902,
    2.03079891204834,
    2.030717372894287,
    2.030552625656128,
    2.0317463874816895,
    2.0305540561676025,
    2.0303616523742676,
    2.030900478363037,
    2.031111240386963,
    2.031012773513794
  ],
  "cycles": 30,
  "duration_s": 61.12820363044739,
  "summary": {
    "a": {
      "samples": 30,
      "mean": 16316281.367505126,
      "std": 412630.66598310287,
      "cv_percent": 2.528950418842875
    },
    "b": {
      "samples": 30,
      "mean": 25965131.195928488,
      "std": 187972.9258164374,
      "cv_percent": 0.7239436781506148
    },
    "c": {
      "samples": 30,
      "mean": 25276528.11452796,
      "std": 187012.31321092878,
      "cv_percent": 0.7398655082833209
    },
    "d": {
      "samples": 30,
      "mean": 17532571.887446918,
      "std": 73115.36063782779,
      "cv_percent": 0.41702587108841344
    }
  }
}
