{
  "timestamp": "2025-10-19T21:16:38.039697",
  "test_conditions": {},
  "channel_results": {
    "a": {
      "channel": "a",
      "test_results": [
        {
          "integration_time_ms": 20,
          "scans_per_measurement": 10,
          "actual_acquisition_time_ms": 200,
          "led_delay_s": 0.05,
          "num_measurements": 100,
          "mean_signal_counts": 6781.2161547362975,
          "std_signal_counts": 7.352254526199951,
          "snr": 922.3315284544702,
          "mean_peak_nm": 640.6505901885138,
          "std_peak_nm": 1.0489421857766483,
          "estimated_ru_noise": 372.3744759507102,
          "signal_levels": [
            6825.302855912825,
            6810.478561507423,
            6803.323271954141,
            6797.794389573985,
            6795.35746336331,
            6791.174076947715,
            6788.061932969667,
            6785.993541647291,
            6786.096628329333,
            6783.99451907137,
            6783.0282961911535,
            6782.914686076986,
            6780.835341794641,
            6780.721302152634,
            6779.837119090206,
            6779.797387764837,
            6779.809629308331,
            6778.757715623666,
            6777.934095986938,
            6778.055652366178
          ],
          "peak_wavelengths": [
            640.5617461105406,
            639.4861665643188,
            639.4861665643188,
            641.6358168513987,
            640.5617461105406,
            640.5617461105406,
            640.5617461105406,
            640.5617461105406,
            640.5617461105406,
            639.6655345514785,
            640.9199373925295,
            639.4861665643188,
            640.9199373925295,
            640.5617461105406,
            640.5617461105406,
            640.5617461105406,
            640.5617461105406,
            640.5617461105406,
            640.5617461105406,
            641.6358168513987
          ]
        },
        {
          "integration_time_ms": 25,
          "scans_per_measurement": 8,
          "actual_acquisition_time_ms": 200,
          "led_delay_s": 0.05,
          "num_measurements": 100,
          "mean_signal_counts": 7754.301862758111,
          "std_signal_counts": 6.535428642888916,
          "snr": 1186.5024142212048,
          "mean_peak_nm": 640.8279136545927,
          "std_peak_nm": 1.035031036941671,
          "estimated_ru_noise": 367.43601811429323,
          "signal_levels": [
            7795.897309431798,
            7781.359939624745,
            7774.51192355132,
            7766.274116454643,
            7764.58097139309,
            7760.407034590017,
            7760.070660598876,
            7757.985571381649,
            7755.532967404746,
            7755.082768535518,
            7753.0116389731475,
            7752.2787570930095,
            7750.323868502838,
            7751.061045661396,
            7751.892718945157,
            7750.306150479363,
            7750.534068690439,
            7751.506680797304,
            7751.287084688162,
            7750.923328297105
          ],
          "peak_wavelengths": [
            639.4861665643188,
            640.5617461105406,
            640.5617461105406,
            640.9199373925295,
            640.5617461105406,
            639.4861665643188,
            643.065562158791,
            641.8146818715643,
            639.4861665643188,
            641.6358168513987,
            640.9199373925295,
            639.4861665643188,
            640.9199373925295,
            641.1884708113988,
            641.277960986981,
            641.8146818715643,
            640.5617461105406,
            639.6655345514785,
            640.5617461105406,
            639.4861665643188
          ]
        },
        {
          "integration_time_ms": 40,
          "scans_per_measurement": 5,
          "actual_acquisition_time_ms": 200,
          "led_delay_s": 0.05,
          "num_measurements": 100,
          "mean_signal_counts": 10669.438710933759,
          "std_signal_counts": 9.983861592274394,
          "snr": 1068.6685319425771,
          "mean_peak_nm": 640.7402339451324,
          "std_peak_nm": 0.9803428197526527,
          "estimated_ru_noise": 348.0217010121917,
          "signal_levels": [
            10735.83922671618,
            10710.954960727056,
            10697.895596223772,
            10686.315525607783,
            10683.252133039785,
            10676.807067772987,
            10673.875110724592,
            10669.431215672917,
            10669.28689431806,
            10668.857796004066,
            10667.768513397159,
            10666.562399217273,
            10664.485202574138,
            10664.333579245971,
            10663.49771806575,
            10664.628664873313,
            10663.542388961303,
            10662.844835746155,
            10665.365305122068,
            10661.887847714537
          ],
          "peak_wavelengths": [
            640.9199373925295,
            639.4861665643188,
            643.3333403383219,
            639.6655345514785,
            642.5297224146577,
            642.8869908892933,
            638.7682758749266,
            640.5617461105406,
            639.6655345514785,
            644.3143851501686,
            640.5617461105406,
            640.7408627098212,
            640.5617461105406,
            641.8146818715643,
            641.6358168513987,
            640.5617461105406,
            641.6358168513987,
            640.5617461105406,
            640.5617461105406,
            639.4861665643188
          ]
        },
        {
          "integration_time_ms": 50,
          "scans_per_measurement": 4,
          "actual_acquisition_time_ms": 200,
          "led_delay_s": 0.05,
          "num_measurements": 100,
          "mean_signal_counts": 12640.65631744614,
          "std_signal_counts": 12.060537092869067,
          "snr": 1048.1006127761984,
          "mean_peak_nm": 640.8816553908662,
          "std_peak_nm": 1.0190826293093478,
          "estimated_ru_noise": 361.7743334048185,
          "signal_levels": [
            12727.090355394226,
            12692.448398040078,
            12675.692516929927,
            12664.408283615001,
            12657.933151399275,
            12649.127830641568,
            12646.869051103295,
            12641.862904106656,
            12640.246805601735,
            12637.900509765688,
            12639.557950325385,
            12635.845219042485,
            12635.815152093555,
            12634.533011485668,
            12634.763345790854,
            12636.552866161917,
            12633.41033308906,
            12633.81462617019,
            12634.343482325454,
            12633.948316710961
          ],
          "peak_wavelengths": [
            640.5617461105406,
            640.9199373925295,
            639.4861665643188,
            641.6358168513987,
            639.4861665643188,
            641.8146818715643,
            641.6358168513987,
            642.351025220144,
            640.5617461105406,
            642.351025220144,
            642.5297224146577,
            639.6655345514785,
            640.5617461105406,
            640.5617461105406,
            639.6655345514785,
            640.9199373925295,
            644.3143851501686,
            643.7794273273648,
            640.2033871835114,
            639.6655345514785
          ]
        },
        {
          "integration_time_ms": 67,
          "scans_per_measurement": 3,
          "actual_acquisition_time_ms": 201,
          "led_delay_s": 0.05,
          "num_measurements": 100,
          "mean_signal_counts": 15984.496676418952,
          "std_signal_counts": 34.80620949003054,
          "snr": 459.2426728051888,
          "mean_peak_nm": 641.2198668594951,
          "std_peak_nm": 1.1193519131094671,
          "estimated_ru_noise": 397.3699291538608,