{
  "dark_counts_per_time": {
    "10": 3108.1102069907643,
    "20": 3165.1992694443616,
    "30": 3201.5286728239244,
    "40": 3230.0732040507232,
    "50": 3265.753868084222,
    "60": 3315.70679773112,
    "70": 3361.7672913016363,
    "80": 3409.12526356428,
    "90": 3481.7840703234046,
    "100": 3535.629436046684
  },
  "led_models": {
    "A": [
      [
        10.0,
        35.30791399538011
      ],
      [
        20.0,
        70.96666150342578
      ],
      [
        30.0,
        106.95162957804908
      ]
    ],
    "B": [
      [
        10.0,
        88.45637775969142
      ],
      [
        20.0,
        176.68620753928292
      ],
      [
        30.0,
        259.00568072342827
      ]
    ],
    "C": [
      [
        10.0,
        118.96698185394418
      ],
      [
        20.0,
        234.53969134381393
      ],
      [
        30.0,
        334.2159607952111
      ]
    ],
    "D": [
      [
        10.0,
        40.5625289600524
      ],
      [
        20.0,
        81.53424438448377
      ],
      [
        30.0,
        122.89365366964196
      ]
    ]
  },
  "stage_results": [
    {
      "integration_time": 10.0,
      "dark_counts": 3108.1102069907643,
      "measurements": {
        "A": {
          "data": [
            [
              50,
              1708.5199417931276
            ],
            [
              100,
              3499.754150209367
            ],
            [
              150,
              5279.31105039646
            ],
            [
              200,
              7033.24274641404
            ],
            [
              255,
              9058.996228432276
            ]
          ],
          "slope": 35.30791399538011
        },
        "B": {
          "data": [
            [
              50,
              -12.455795444421256
            ],
            [
              100,
              8907.645338995633
            ],
            [
              150,
              13465.81773230778
            ],
            [
              200,
              17959.894678228848
            ],
            [
              255,
              23074.944926202003
            ]
          ],
          "slope": 88.45637775969142
        },
        "C": {
          "data": [
            [
              50,
              -12.909912986665859
            ],
            [
              100,
              12041.834867698155
            ],
            [
              150,
              18186.629079678078
            ],
            [
              200,
              24187.662652570307
            ],
            [
              255,
              30938.37941377364
            ]
          ],
          "slope": 118.96698185394418
        },
        "D": {
          "data": [
            [
              50,
              -10.37982953701794
            ],
            [
              100,
              4105.871321236598
            ],
            [
              150,
              6196.628485730407
            ],
            [
              200,
              8237.627342381136
            ],
            [
              255,
              10559.530335877407
            ]
          ],
          "slope": 40.5625289600524
        }
      }
    },
    {
      "integration_time": 20.0,
      "dark_counts": 3165.1992694443616,
      "measurements": {
        "A": {
          "data": [
            [
              50,
              3397.577703204348
            ],
            [
              100,
              7024.419891307576
            ],
            [
              150,
              10600.01167107178
            ],
            [
              200,
              14180.923113473702
            ],
            [
              255,
              18190.58638968907
            ]
          ],
          "slope": 70.96666150342578
        },
        "B": {
          "data": [
            [
              50,
              -41.84368782110232
            ],
            [
              100,
              17917.27250319247
            ],
            [
              150,
              27031.930567517004
            ],
            [
              200,
              35992.96715469367
            ],
            [
              255,
              45872.4240340926
            ]
          ],
          "slope": 176.68620753928292
        },
        "C": {
          "data": [
            [
              50,
              -48.00671160870752
            ],
            [
              100,
              24216.79104920856
            ],
            [
              150,
              36347.113963709795
            ],
            [
              200,
              48031.23395598848
            ],
            [
              255,
              60250.30441303121
            ]
          ],
          "slope": 234.53969134381393
        },
        "D": {
          "data": [
            [
              50,
              -44.049401597719225
            ],
            [
              100,
              8277.589686098654
            ],
            [
              150,
              12450.73527752205
            ],
            [
              200,
              16565.883571407358
            ],
            [
              255,
              21217.604178421887
            ]
          ],
          "slope": 81.53424438448377
        }
      },
      "all_together": {
        "data": [
          [
            50,
            3964.7056395331574
          ],
          [
            100,
            56681.13515279304
          ],
          [
            150,
            62369.80073055564
          ],
          [
            200,
            62369.80073055564
          ],
          [
            255,
            62369.80073055564
          ]
        ]
      }
    },
    {
      "integration_time": 30.0,
      "dark_counts": 3201.5286728239244,
      "measurements": {
        "A": {
          "data": [
            [
              50,
              5138.858981973688
            ],
            [
              100,
              10579.64125560538
            ],
            [
              150,
              15998.106895732488
            ],
            [
              200,
              21380.956745760697
            ],
            [
              255,
              27392.499896059162
            ]
          ],
          "slope": 106.95162957804908
        },
        "B": {
          "data": [
            [
              50,
              -41.58419208267787
            ],
            [
              100,
              26951.616636474326
            ],
            [
              150,
              40500.148635405225
            ],
            [
              200,
              53286.60652451519
            ]
          ],
          "slope": 259.00568072342827
        },
        "C": {
          "data": [
            [
              50,
              -39.378478306061425
            ],
            [
              100,
              36319.08842395985
            ],
            [
              150,
              53784.124729011375
            ]
          ],
          "slope": 334.2159607952111
        },
        "D": {
          "data": [
            [
              50,
              -42.10318355952859
            ],
            [
              100,
              12472.85728922282
            ],
            [
              150,
              18783.923395598846
            ],
            [
              200,
              24949.02314911056
            ],
            [
              255,
              31982.784887001457
            ]
          ],
          "slope": 122.89365366964196
        }
      },
      "all_together": {
        "data": [
          [
            50,
            6026.5290291925285
          ],
          [
            100,
            62333.47132717608
          ],
          [
            150,
            62333.47132717608
          ],
          [
            181,
            62333.47132717608
          ]
        ]
      }
    }
  ],