{
  "dark_counts_per_time": {
    "10": 3087.999287262792,
    "20": 3101.622813530128,
    "30": 3142.4933923321355,
    "50": 3283.269830427939,
    "100": 3465.565586671814,
    "40": 3230.0732040507232,
    "60": 3303.3807501559113,
    "70": 3344.2513289579188,
    "80": 3354.6311584949362,
    "90": 3413.0176996406612
  },
  "led_models": {
    "A": [
      [
        10.0,
        38.2366345111498
      ],
      [
        20.0,
        76.63067141860859
      ],
      [
        30.0,
        115.29914093756341
      ],
      [
        50.0,
        193.28950944871755
      ],
      [
        100.0,
        384.7870463618584
      ]
    ],
    "B": [
      [
        10.0,
        90.62234481358048
      ],
      [
        20.0,
        180.89641122786338
      ],
      [
        30.0,
        271.5064121798869
      ],
      [
        50.0,
        459.19146241796096
      ]
    ],
    "C": [
      [
        10.0,
        83.49446574117827
      ],
      [
        20.0,
        166.90562505720698
      ],
      [
        30.0,
        254.2268628108149
      ],
      [
        50.0,
        425.1126655777626
      ]
    ],
    "D": [
      [
        10.0,
        26.022986442494844
      ],
      [
        20.0,
        52.56913176795938
      ],
      [
        30.0,
        79.14785189322517
      ],
      [
        50.0,
        132.6441876478682
      ],
      [
        100.0,
        266.6720930716004
      ]
    ]
  },
  "stage_results": [
    {
      "integration_time": 10.0,
      "dark_counts": 3087.999287262792,
      "measurements": {
        "A": {
          "data": [
            [
              50,
              1921.4361951712049
            ],
            [
              100,
              3874.3362486264955
            ],
            [
              150,
              5777.4131203041015
            ],
            [
              200,
              7649.091007632229
            ],
            [
              255,
              9702.545659727377
            ]
          ],
          "slope": 38.2366345111498
        },
        "B": {
          "data": [
            [
              50,
              4550.517269028598
            ],
            [
              100,
              9158.707465922253
            ],
            [
              150,
              13702.802215424825
            ],
            [
              200,
              18157.889926647465
            ],
            [
              255,
              22976.466293469548
            ]
          ],
          "slope": 90.62234481358048
        },
        "C": {
          "data": [
            [
              50,
              4221.606420574346
            ],
            [
              100,
              8455.279392985478
            ],
            [
              150,
              12626.543640305292
            ],
            [
              200,
              16727.67916431562
            ],
            [
              255,
              21157.595788911
            ]
          ],
          "slope": 83.49446574117827
        },
        "D": {
          "data": [
            [
              50,
              1293.845751789268
            ],
            [
              100,
              2613.186959878835
            ],
            [
              150,
              3900.220948534435
            ],
            [
              200,
              5208.987705283163
            ],
            [
              255,
              6631.478469396847
            ]
          ],
          "slope": 26.022986442494844
        }
      }
    },
    {
      "integration_time": 20.0,
      "dark_counts": 3101.622813530128,
      "measurements": {
        "A": {
          "data": [
            [
              50,
              3848.256926914738
            ],
            [
              100,
              7736.73569328542
            ],
            [
              150,
              11564.68707866837
            ],
            [
              200,
              15357.8011611677
            ],
            [
              255,
              19442.58845365723
            ]
          ],
          "slope": 76.63067141860859
        },
        "B": {
          "data": [
            [
              50,
              9167.66006889793
            ],
            [
              100,
              18404.086508478606
            ],
            [
              150,
              27510.95970065037
            ],
            [
              200,
              36334.59329433077
            ],
            [
              255,
              45637.9047604906
            ]
          ],
          "slope": 180.89641122786338
        },
        "C": {
          "data": [
            [
              50,
              8484.0834199507
            ],
            [
              100,
              17010.85388887239
            ],
            [
              150,
              25348.25734267811
            ],
            [
              200,
              33522.697472752654
            ],
            [
              255,
              42113.303893327
            ]
          ],
          "slope": 166.90562505720698
        },
        "D": {
          "data": [
            [
              50,
              2623.43704154664
            ],
            [
              100,
              5278.208193508151
            ],
            [
              150,
              7923.118507409496
            ],
            [
              200,
              10524.303789386155
            ],
            [
              255,
              13367.339099575329
            ]
          ],
          "slope": 52.56913176795938
        }
      },
      "all_together": {
        "data": [
          [
            5000,
            19408.789133727318
          ],
          [
            10000,
            38939.41151664538
          ],
          [
            15000,
            55740.65772280462
          ],
          [
            20000,
            62433.37718646987
          ],
          [
            25000,
            62433.37718646987
          ]
        ]
      }
    },
    {
      "integration_time": 30.0,
      "dark_counts": 3142.4933923321355,
      "measurements": {
        "A": {
          "data": [
            [
              50,
              5789.285050337066
            ],
            [
              100,
              11640.26521248478
            ],
            [
              150,
              17442.26555400469
            ],
            [
              200,
              23135.537181124342
            ],
            [
              255,
              29207.153594868287
            ]
          ],
          "slope": 115.29914093756341
        },
        "B": {
          "data": [
            [
              50,
              13813.93126540552
            ],
            [
              100,
              27645.37849315475
            ],
            [
              150,
              41101.72463101001
            ],
            [
              200,
              53712.43903127134
            ]
          ],
          "slope": 271.5064121798869
        },
        "C": {
          "data": [
            [
              50,
              12784.12242746414
            ],
            [
              100,
              25582.127876934042
            ],
            [
              150,
              38003.47526207941
            ]
          ],
          "slope": 254.2268628108149
        },
        "D": {
          "data": [
            [
              50,
              3949.265643096843
            ],
            [
              100,
              7942.061696314555
            ],
            [
              150,
              11911.892376681613
            ],
            [
              200,
              15836.441050693431
            ],
            [
              255,
              20144.84879577109
            ]
          ],
          "slope": 79.14785189322517
        }
      },